tri_bg	ratio2genome
ACA	101587207	1.06487586662636
ACC	52487914	0.954193588077799
ACG	9779000	0.822674845801981
ACT	78928460	1.03727839738192
ATA	108625665	1.11394376547049
ATC	65981944	1.04484434448406
ATG	83932745	0.966224425443942
ATT	126426422	1.07222811976651
CCA	84370607	0.967094569462889
CCC	54936343	0.883375545292594
CCG	9077906	0.695064270177077
CCT	78686592	0.936721126258159
CTA	66531313	1.09080758371042
CTC	75345570	0.946231590116652
CTG	85556242	0.892700318009451
CTT	96206924	1.01938713107042
GCA	44199940	0.648852320467761
GCC	49558129	0.880550019881698
GCG	7582962	0.673515478829925
GCT	62951228	0.951957933161153
GTA	59286942	1.1049333280577
GTC	44949601	1.00602741966443
GTG	62017872	0.872331230594937
GTT	69522904	1.00826207323681
TCA	99639974	1.07549521439161
TCC	70605435	0.96699243615537
TCG	8271023	0.792247810039385
TCT	108220585	1.03446973407683
TTA	116078407	1.17993004636575
TTC	102854953	1.10289998482186
TTG	89738186	1.00149316366094
TTT	191118554	1.05141099068615
